Date,1,2,3,4,5,6,7,8,9,10,11,12,13,14,15,16,17,18,19,20,21,22,23,24
Jan 1,-2.2,-2.8,-2.8,-3.3,-3.9,-1.7,-1.1,-1.1,1.1,5,7.2,8.9,9.4,10.6,10.6,10,8.9,8.3,6.7,5.6,2.2,0.6,-0.6,-1.1
Jan 2,-1.7,-2.2,-2.2,-1.1,-2.2,-2.8,-4.4,-2.2,1.1,4.4,7.2,7.8,8.9,10,10,9.4,7.2,3.3,1.7,0,-0.6,-1.1,-1.1,-0.6
Jan 3,0,0.6,2.2,4.4,5,5,5,6.1,6.1,7.8,8.3,8.9,10,10,8.9,5.6,5.6,5.6,5,5,5.6,5.6,5.6,5.6
Jan 4,5.6,5.6,5,5,4.4,4.4,3.9,3.9,4.4,5,5.6,6.7,7.2,8.9,9.4,9.4,7.8,6.7,5.6,4.4,3.9,3.3,2.8,2.2
Jan 5,1.7,1.1,1.1,0.6,0,-1.1,-1.1,-0.6,1.1,4.4,7.2,10,12.2,12.2,12.8,13.3,11.1,5.6,2.8,2.2,1.1,0.6,0,-0.6
Jan 6,0.6,0.6,1.7,0,-1.1,-1.7,-1.7,0,6.1,10.6,12.2,14.4,15,16.1,16.7,16.1,13.3,10.6,7.2,7.2,6.1,5,4.4,5
Jan 7,5,5,5.6,6.7,7.2,6.7,6.1,7.2,10,13.3,15.6,16.7,17.8,18.9,17.8,17.8,15,12.8,11.7,10,8.3,7.8,6.7,5.6
Jan 8,5,4.4,3.9,3.9,3.3,2.8,2.2,2.8,4.4,6.1,8.3,8.9,10,11.1,11.7,12.2,11.1,7.2,5.6,4.4,3.3,2.8,2.8,3.3
Jan 9,5,3.9,5.6,4.4,5,5.6,6.7,7.2,8.9,10,13.3,15.6,17.8,18.9,12.2,11.7,11.1,10.6,10.6,10.6,9.4,7.8,6.7,6.7
Jan 10,6.7,5.6,5.6,5.6,5,4.4,3.9,3.9,4.4,5.6,6.1,6.7,6.7,8.3,8.3,8.3,7.2,6.1,5,3.9,3.3,2.8,1.1,0.6
Jan 11,0,0,0,-0.6,0.6,0.6,0.6,0.6,1.7,2.8,4.4,4.4,5.6,6.7,7.2,7.2,5.6,3.9,0,-1.1,-1.7,-2.8,-2.2,-2.8
Jan 12,-2.8,-2.8,-2.8,-3.3,-2.8,-2.8,-3.9,-2.2,2.2,6.7,9.4,11.1,12.8,13.9,14.4,13.9,12.8,9.4,4.4,2.2,2.2,2.8,2.8,2.8
Jan 13,2.8,2.8,1.7,1.1,1.1,1.1,1.7,2.2,4.4,9.4,12.2,13.3,13.3,13.9,13.3,11.7,11.1,10.6,8.9,8.3,7.8,8.3,7.8,7.8
Jan 14,7.8,7.2,7.8,7.8,7.8,7.8,8.3,8.3,8.3,8.3,8.9,9.4,9.4,10,10,9.4,10,9.4,9.4,8.9,8.9,8.9,7.8,8.9
Jan 15,8.9,9.4,8.9,8.9,8.9,8.9,9.4,9.4,9.4,10.6,10.6,11.7,11.7,12.2,12.8,12.8,12.8,12.2,12.2,12.2,12.8,11.7,11.7,11.7
Jan 16,12.2,11.7,12.2,11.7,11.7,11.7,11.7,11.7,11.7,11.7,11.7,11.7,11.7,11.7,11.7,11.7,11.7,11.7,11.7,11.1,11.1,10.6,10.6,10.6
Jan 17,10,10,9.4,10,9.4,10,10,10,10,10.6,11.7,12.2,11.7,11.1,11.7,11.7,11.7,11.7,11.7,11.7,11.7,11.7,11.7,12.2
Jan 18,12.2,12.2,12.2,12.8,12.8,13.3,13.9,13.9,13.9,14.4,14.4,15,15,14.4,13.9,13.9,12.2,10,8.9,8.3,8.3,7.8,7.8,7.8
Jan 19,6.1,5,2.8,2.2,1.7,1.1,0.6,1.1,1.7,2.8,3.9,5,6.1,7.2,7.2,7.2,5,3.9,2.2,2.2,1.7,1.7,0.6,-0.6
Jan 20,-1.1,-0.6,-1.1,0,0,0.6,0.6,0.6,2.2,3.3,3.9,3.9,4.4,4.4,4.4,3.9,3.9,3.9,3.3,2.8,2.8,2.2,2.2,1.7
Jan 21,1.7,1.7,1.7,1.7,1.1,1.1,1.1,1.7,2.2,2.8,3.3,3.9,4.4,4.4,4.4,4.4,3.9,3.9,3.9,1.1,1.1,1.7,1.7,1.7
Jan 22,1.7,1.7,0.6,-0.6,-1.1,-1.1,-1.7,0.6,2.2,4.4,5,6.1,5,4.4,5,5,4.4,3.9,2.8,2.8,1.7,0,0,-1.7
Jan 23,-2.2,-2.8,-2.2,-2.8,-5,-5,-5,-2.8,-0.6,2.2,4.4,6.1,8.3,9.4,10.6,10.6,10,5.6,5,3.3,2.8,3.3,3.9,3.9
Jan 24,3.9,2.8,2.2,2.2,3.3,1.7,3.3,3.9,6.1,8.3,11.7,14.4,13.3,15.6,13.3,12.2,12.2,12.2,11.7,11.7,11.7,11.7,12.2,12.2
Jan 25,12.2,10.6,10,9.4,8.3,8.9,7.8,8.3,5.6,4.4,2.8,2.2,1.7,1.1,0.6,0.6,0,0,-0.6,-0.6,-0.6,-0.6,-0.6,-0.6
Jan 26,-0.6,-1.1,-1.7,-2.2,-2.8,-2.8,-3.3,-2.2,-1.1,0,0,0,2.2,2.8,3.3,3.3,1.7,0.6,-0.6,-1.1,-1.7,-2.2,-2.8,-2.8
Jan 27,-3.9,-5,-5.6,-5.6,-5.6,-6.1,-5.6,-3.9,-1.7,0,3.3,6.7,8.9,11.1,12.8,13.9,13.3,8.9,10.6,6.7,3.9,5.6,6.1,7.2
Jan 28,6.1,3.9,2.8,2.2,2.2,2.8,5.6,6.1,7.2,10,13.3,15,16.7,17.8,18.9,18.9,17.8,13.3,13.3,12.8,12.2,12.8,12.2,12.2
Jan 29,11.7,11.7,13.9,15,14.4,15,15,15.6,17.2,18.9,21.1,22.8,23.3,23.9,23.3,22.8,22.2,20.6,20.6,19.4,18.9,18.3,17.8,16.7
Jan 30,17.2,17.2,16.1,13.9,12.8,11.7,8.3,8.3,13.9,16.1,17.2,17.8,18.9,19.4,18.9,18.9,17.8,15.6,10,7.8,6.1,4.4,3.3,2.8
Jan 31,2.2,2.2,1.7,1.1,1.1,1.1,0,4.4,6.7,8.3,11.1,12.8,15,16.1,17.8,16.7,16.1,10.6,8.3,8.3,7.8,8.6,9.4,10.2
Feb 1,10.9,11.7,12.5,13.3,13.9,14.4,15,18.9,10,9.4,9.4,9.4,8.9,9.4,8.9,7.8,6.7,6.7,5.6,5,4.4,3.9,3.3,2.2
Feb 2,1.1,1.1,0.6,0,-0.6,-1.1,-1.7,-1.1,-0.6,1.1,1.7,1.7,1.7,2.2,2.8,2.2,1.7,0,-1.1,-2.8,-3.3,-4.4,-5.6,-6.1
Feb 3,-6.7,-7.2,-7.8,-7.8,-7.8,-8.3,-7.8,-5.6,-2.2,0.6,1.7,3.3,4.4,6.1,6.7,6.7,6.7,2.8,0,-1.1,-2.2,-2.8,-3.3,-2.8
Feb 4,-3.9,-3.3,-2.2,-0.6,0,0,-0.6,-0.6,3.9,5,6.1,6.7,6.7,7.2,8.3,6.7,6.7,5.6,3.3,2.8,1.7,0.6,0.6,0.6
Feb 5,0.6,0,-1.1,-1.1,-2.2,-2.2,-2.8,-1.1,-0.6,0.6,1.1,1.1,0,0,0.6,0.6,0.6,1.1,0.6,0.6,0.6,1.1,1.1,1.1
Feb 6,1.1,1.1,1.7,1.7,2.2,2.2,2.8,2.8,3.9,5,6.1,6.7,8.3,10.6,11.1,11.7,11.1,10.6,8.9,8.3,8.3,7.8,6.1,4.4
Feb 7,3.9,2.8,3.3,3.3,5.6,6.7,6.1,7.2,7.8,8.3,8.9,8.9,9.4,10,10.6,13.9,11.1,10.6,10,10,10.6,10.6,11.1,11.1
Feb 8,10,9.4,8.3,7.2,7.2,6.7,6.1,5.6,5.6,5,7.8,9.4,10,10.6,11.1,11.1,10.6,7.2,4.4,2.8,1.1,0.6,0,-1.1
Feb 9,-0.6,-1.7,0,2.2,2.8,3.3,3.9,4.4,7.2,10,12.2,13.9,15,13.9,14.4,13.9,13.3,12.8,12.2,12.2,13.3,13.3,13.3,13.3
Feb 10,12.2,11.1,10,9.4,10,11.7,11.7,11.1,11.1,11.7,12.2,13.3,13.9,14.4,15,16.1,16.1,16.1,15.6,15,15.6,12.8,9.4,5.6
Feb 11,3.9,0.6,-0.6,-2.2,-3.3,-4.4,-5.6,-6.1,-6.1,-4.4,-3.9,-3.3,-2.8,-2.8,2.8,-2.2,-2.8,-3.3,-5,-5.6,-6.1,-6.1,-6.1,-6.7
Feb 12,-6.7,-7.8,-7.8,-8.3,-8.9,-9.4,-9.4,-7.8,-5,-2.8,-0.6,0.6,1.7,2.8,3.3,3.3,3.3,0.6,-1.1,0.6,0.6,-0.6,-0.6,-1.1
Feb 13,-1.7,-2.2,-2.8,-2.8,-1.7,-2.2,-2.2,-1.1,0.6,1.7,4.4,6.7,6.7,8.3,8.9,8.9,8.9,5.6,3.9,1.7,2.8,3.3,2.8,3.3
Feb 14,3.9,4.4,5,5,5,5,3.9,4.4,5,6.1,8.3,9.4,10,11.7,11.7,11.1,11.1,10.6,10,10,9.4,8.9,7.8,7.2
Feb 15,8.3,7.8,7.8,7.8,8.3,8.3,8.3,8.3,9.4,11.1,11.7,12.2,11.7,12.2,12.8,12.2,11.7,11.1,11.1,11.1,11.1,10.6,11.1,11.7
Feb 16,12.2,12.2,12.8,13.3,13.9,13.9,14.4,15,15,15.6,16.1,16.1,16.1,17.2,17.8,17.8,16.7,16.1,15.6,13.9,13.9,14.4,15,13.9
Feb 17,12.2,12.8,11.7,12.8,12.8,12.8,12.2,12.2,13.3,16.1,18.9,19.4,20,21.1,20,20.6,19.4,17.2,15.6,13.9,12.8,11.1,11.1,11.7
Feb 18,11.1,11.1,11.7,11.1,11.1,12.2,12.2,12.8,13.3,13.3,14.4,15.6,16.7,16.7,17.8,17.2,18.3,15.6,13.9,12.2,11.1,8.3,7.8,7.2
Feb 19,7.2,6.7,6.7,6.1,6.7,6.7,6.7,11.1,13.9,17.8,20.6,22.2,23.9,23.9,25,23.9,22.8,20.6,15,13.3,12.8,12.8,12.2,15
Feb 20,12.2,11.1,10,7.8,7.2,7.2,7.8,11.1,12.8,17.8,20,22.2,23.3,24.4,25.6,25,23.9,18.3,12.8,11.7,10,8.9,8.3,7.2
Feb 21,6.7,6.7,7.2,7.8,7.2,8.3,9.4,11.7,15,17.2,18.9,20,21.7,22.2,23.9,22.8,22.8,19.4,16.7,17.2,17.8,17.8,18.3,17.8
Feb 22,17.8,18.3,16.1,15.6,16.1,16.1,15.6,15.6,15.6,16.1,17.8,17.8,18.3,15.6,13.9,13.3,14.4,12.8,11.7,10,7.8,6.1,5.6,4.4
Feb 23,3.9,6.1,6.1,5.6,5.6,5,5,8.3,12.2,14.4,16.7,17.8,18.9,19.4,20,19.4,18.9,17.2,13.3,8.3,6.7,6.1,5.6,5
Feb 24,3.9,3.3,3.3,2.8,1.7,1.7,1.1,6.1,12.2,18.3,20,20,22.2,21.7,22.2,22.8,21.7,17.8,12.8,10.6,8.9,7.8,7.2,6.1
Feb 25,5.6,5.6,5,4.4,4.4,3.9,3.3,7.8,15,20,23.3,25,25.6,25.6,25,25,25,20.6,16.1,12.8,10.6,10,8.9,7.2
Feb 26,6.7,6.7,5.6,5,4.4,4.4,3.9,7.8,15,19.4,21.7,23.3,25,25,25.6,26.1,25,21.1,15,12.8,12.8,10,9.4,9.4
Feb 27,10,9.4,10,9.4,8.9,8.9,7.2,12.2,16.7,20.6,24.4,25.6,27.2,27.8,27.8,27.2,26.1,22.2,18.9,17.2,18.3,16.1,16.1,16.7
Feb 28,16.1,15.6,15,13.3,12.2,14.4,13.3,15.6,19.4,21.1,23.9,25,26.7,27.2,27.2,25.6,25,22.8,22.2,18.3,16.7,16.3,15.9,15.5
Mar 1,15.1,14.7,14.3,13.9,14.4,14.4,14.4,15,12.8,12.2,12.2,12.2,12.8,12.2,11.7,11.1,10,9.4,9.4,9.4,8.9,9.4,8.9,8.9
Mar 2,9.4,10.6,10.6,8.9,7.8,7.2,6.7,6.1,6.1,6.7,6.7,6.7,7.2,7.2,6.7,7.2,7.2,7.8,7.8,8.3,8.3,8.3,6.7,5
Mar 3,4.4,3.9,1.7,1.1,0.6,0,0,4.4,10.6,12.2,13.9,15.6,16.7,17.2,17.8,17.2,16.1,13.9,12.2,7.2,5.6,5,3.9,3.3
Mar 4,2.8,2.2,2.2,1.1,1.1,0.6,1.1,5.6,10,14.4,16.7,17.2,17.8,18.9,19.4,18.9,18.3,15.6,11.1,8.3,7.8,6.7,6.7,6.7
Mar 5,5,3.9,3.9,3.3,2.8,2.8,2.8,8.3,13.3,17.2,19.4,20.6,21.7,22.2,22.2,21.1,21.1,18.3,13.3,10.6,11.1,12.2,12.8,11.7
Mar 6,10,8.9,7.2,6.7,7.8,8.9,8.9,10.6,13.3,16.7,18.3,20.6,21.7,22.8,22.2,23.9,22.8,20,17.2,13.9,15.6,16.7,14.4,13.9
Mar 7,15.6,13.3,13.3,13.9,14.4,13.9,14.4,16.7,19.4,21.7,22.2,22.8,23.9,24.4,25.6,25,23.9,22.8,22.2,21.1,20.6,19.4,18.9,18.9
Mar 8,17.8,18.3,17.8,17.2,17.2,17.2,17.2,17.2,18.3,19.4,21.7,21.7,22.2,21.7,21.1,22.8,21.7,20.6,20,19.4,19.4,19.4,19.4,18.9
Mar 9,18.3,18.9,18.9,18.3,18.3,18.9,18.3,19.4,20.6,21.7,23.3,25.6,27.2,27.8,27.8,27.2,26.7,24.4,20.6,21.7,21.7,20.6,19.4,19.4
Mar 10,18.9,19.4,19.4,19.4,19.4,19.4,20,20.6,21.7,23.9,25.6,27.2,28.3,28.3,28.9,28.3,26.7,24.4,22.2,22.2,21.1,20.6,19.4,18.3
Mar 11,17.8,17.2,16.1,15,16.7,17.2,17.8,18.9,20.6,22.2,23.9,25,25.6,26.7,27.8,27.2,26.1,24.4,23.3,22.8,21.7,21.1,20.6,20
Mar 12,19.4,20,20,19.4,18.9,18.9,18.9,20,21.1,22.8,23.9,25.6,25,24.4,23.3,22.2,22.8,21.1,20.6,20.6,20,20.6,20,20.6
Mar 13,20,20,19.4,18.3,17.8,16.1,17.2,18.9,21.1,22.8,24.4,25,25.6,26.1,26.1,26.1,26.7,24.4,22.2,22.2,21.1,20.6,19.4,18.3
Mar 14,17.8,17.2,17.2,17.2,17.2,17.8,18.3,20,21.7,21.7,23.3,24.4,25,25,24.4,24.4,24.4,23.9,22.8,22.8,22.2,22.2,22.2,21.7
Mar 15,21.7,13.9,11.7,11.7,12.2,12.2,12.2,12.8,13.3,15,13.9,12.8,12.8,11.7,12.2,12.2,12.2,12.2,12.8,12.8,12.8,12.8,12.8,12.2
Mar 16,11.7,12.2,11.7,11.7,11.7,11.7,11.7,12.2,12.2,12.8,12.8,11.7,11.7,11.1,11.7,11.7,10.6,10.6,10,10,10,8.9,7.2,6.1
Mar 17,6.1,7.8,7.2,7.8,7.2,6.7,6.7,10.6,14.4,16.1,16.7,17.2,17.8,18.3,18.3,18.3,17.8,16.7,10,8.9,7.2,7.2,6.7,6.7
Mar 18,5.6,6.1,5.6,5,5,4.4,6.7,11.7,15.6,17.8,21.1,21.7,22.8,23.9,23.9,23.9,22.2,20.6,15,14.4,12.8,14.4,13.3,13.3
Mar 19,12.2,9.4,8.9,10,11.1,12.8,9.4,10.6,12.2,12.8,13.3,13.3,12.8,12.8,12.8,12.2,11.1,10,7.8,6.7,6.7,5.6,5.6,5.6
Mar 20,3.3,2.2,1.7,0,-1.1,-1.7,0.6,5.6,7.2,8.3,10.6,11.1,12.2,13.3,13.3,13.9,13.9,11.7,8.9,5.6,4.4,3.3,1.7,1.1
Mar 21,0.6,0,0,-0.6,-1.1,-1.1,0.6,5.6,11.1,13.3,15.6,17.2,19.4,20,21.1,21.1,21.1,18.3,13.9,12.8,11.7,10.6,9.4,8.9
Mar 22,8.3,7.8,6.7,6.7,6.1,6.1,7.8,10.6,15,16.7,19.4,21.1,22.2,23.3,24.4,24.4,23.3,21.7,18.3,16.1,16.7,13.3,13.9,13.3
Mar 23,12.8,11.1,11.1,11.1,9.4,9.4,11.7,15.6,18.3,21.1,23.3,23.9,24.4,24.4,24.4,24.4,23.9,20.6,16.7,14.4,14.4,13.3,15.6,13.9
Mar 24,12.2,11.1,11.1,10,10.6,10,11.7,16.1,19.4,21.7,22.2,23.3,22.8,23.9,23.3,23.3,21.7,18.9,15.6,13.9,12.8,11.7,10.6,9.4
Mar 25,8.9,8.3,8.3,7.2,7.2,7.8,8.3,9.4,10.6,11.7,14.4,16.1,17.2,19.4,19.4,19.4,18.3,13.3,11.7,9.4,8.9,8.3,7.8,7.2
Mar 26,7.2,7.2,7.2,6.7,7.2,7.2,7.8,7.8,7.8,8.3,8.9,11.1,12.2,12.2,11.7,11.1,10,8.9,8.3,8.3,8.3,8.3,7.8,6.7
Mar 27,6.1,6.7,7.8,7.2,7.2,6.7,7.8,8.9,11.1,12.8,14.4,15,17.2,18.3,18.3,18.9,18.3,16.7,12.8,11.1,10.6,10.6,10.6,10.6
Mar 28,11.7,10.6,10.6,9.4,9.4,10,11.1,13.3,16.1,20,21.7,22.2,22.2,17.2,17.8,18.3,17.2,16.1,16.1,15.6,16.1,15.6,15.6,15.6
Mar 29,15.6,15.6,15.6,15.6,15.6,16.1,16.7,17.2,18.3,20,21.1,22.8,23.9,23.9,24.4,19.4,19.4,19.4,18.3,17.8,18.3,18.3,18.3,18.3
Mar 30,18.3,18.3,17.2,16.7,15,15.6,16.1,17.2,20,21.1,22.8,23.3,24.4,24.4,25,24.4,23.9,21.7,20.6,19.4,17.2,17.2,17.8,15.6
Mar 31,17.2,17.2,17.2,17.2,17.2,15.6,16.7,16.7,19.4,22.2,24.4,23.3,25.6,26.7,26.1,26.1,25,22.2,19.4,17.8,16.7,15.1,13.5,11.9
Apr 1,10.4,8.8,7.2,5.6,4.4,3.3,5.6,10,12.2,12.8,14.4,15.6,16.7,17.8,17.8,17.8,17.8,16.1,11.1,8.3,8.3,8.3,7.2,6.7
Apr 2,6.1,5.9,5.6,5.6,5,5,8.3,12.2,17.2,18.9,20.6,21.1,22.2,22.8,22.2,23.9,23.3,18.9,16.7,13.3,12.8,10,10.6,9.4
Apr 3,9.4,8.3,7.8,7.8,6.7,7.2,10,13.9,17.2,19.4,21.7,22.8,23.9,23.9,23.9,23.9,23.3,22.2,19.4,18.9,17.8,17.2,17.2,16.7
Apr 4,16.1,15,14.4,15,13.9,13.9,15,16.1,16.7,16.7,16.7,17.8,18.9,19.4,18.9,18.9,18.9,17.8,16.7,16.1,16.1,15.6,14.4,13.3
Apr 5,13.3,14.4,13.9,13.3,12.8,12.8,13.3,13.9,15,15.6,17.8,18.9,19.4,20,20,19.4,18.3,18.3,15,14.4,14.4,15,15,14.4
Apr 6,13.9,13.3,12.8,13.3,13.3,13.3,13.9,15.6,17.2,19.4,21.1,22.2,23.3,23.9,24.4,25,24.4,22.8,17.8,16.7,14.4,13.9,15,15
Apr 7,12.8,12.2,11.7,11.1,10.6,11.1,14.4,16.7,18.9,21.7,23.3,25,25.6,25.6,25.6,26.1,25.6,23.9,19.4,16.7,15.6,14.4,17.2,16.7
Apr 8,15.6,14.4,13.9,12.2,12.2,11.7,14.4,16.7,18.9,16.7,18.3,20.6,22.8,25,26.1,26.1,25.6,24.4,21.1,20.6,20.6,20,19.4,18.3
Apr 9,17.8,17.2,17.8,17.8,17.2,17.2,18.3,19.4,21.7,23.9,25.6,26.7,27.2,28.3,28.3,27.8,27.8,26.7,23.9,21.7,21.7,20.6,20,18.9
Apr 10,18.3,17.8,17.8,18.3,18.3,17.8,17.8,18.9,21.7,23.9,26.1,27.8,29.4,30,28.9,27.8,26.7,25.6,25,23.3,20,17.8,17.2,17.2
Apr 11,17.2,17.2,17.2,16.7,16.1,16.1,16.7,16.7,16.7,17.8,18.9,18.9,17.8,17.2,19.4,19.4,20.6,20,18.9,17.8,16.1,15,14.4,13.3
Apr 12,12.8,10.6,9.4,8.3,7.2,7.2,10,14.4,16.7,18.3,20.6,22.2,23.3,23.3,24.4,24.4,23.9,22.2,17.2,14.4,13.9,12.8,11.7,11.1
Apr 13,10.6,11.1,10,8.9,8.3,7.8,11.1,15,17.8,18.3,19.4,20,21.1,21.1,21.1,20.6,20,18.3,15.6,12.8,10.6,10,9.4,8.9
Apr 14,7.8,7.2,6.7,6.1,6.1,6.7,11.1,14.4,17.8,19.4,21.1,22.2,22.8,24.4,25,25,24.4,21.1,18.9,15,13.9,12.8,11.7,11.7
Apr 15,11.1,10,10,9.4,9.4,8.3,12.8,15.6,18.3,21.7,23.3,24.4,25.6,26.1,26.7,26.1,25.6,23.9,20,20,20.6,18.9,18.3,17.8
Apr 16,16.7,16.1,15,15,14.4,13.9,15.6,18.9,21.7,22.8,23.3,25,25.6,26.1,26.7,26.7,26.1,25,22.2,21.1,21.7,21.1,20,20
Apr 17,20.6,20.6,20.6,20.6,19.4,17.8,20.6,21.7,22.8,23.9,25.6,26.1,27.8,28.3,28.3,28.3,27.8,26.7,25.6,23.9,23.3,22.8,21.7,21.7
Apr 18,22.2,22.2,22.2,22.2,22.2,20.6,22.2,23.9,25,25.6,24.4,25,25.6,26.1,26.7,26.1,26.7,26.1,25,25,23.9,23.3,22.8,22.2
Apr 19,21.7,21.7,21.1,21.7,20,20.6,22.2,23.3,25,26.1,27.2,27.8,29.4,29.4,28.3,28.9,28.9,27.2,26.7,25,23.9,23.9,23.9,23.3
Apr 20,23.3,23.3,23.3,22.8,22.8,22.8,23.3,23.9,24.4,26.7,27.2,29.4,27.8,27.2,22.8,27.8,26.7,26.1,19.4,19.4,20,20,20,18.9
Apr 21,18.3,16.1,15,13.9,12.8,11.7,15,17.8,20.6,22.2,23.9,25,26.7,26.7,27.2,27.2,27.2,25,21.1,20.6,20,20.6,21.1,21.7
Apr 22,22.2,21.7,22.2,22.8,22.8,18.3,17.2,17.8,17.8,17.8,17.8,17.8,18.3,17.8,17.8,17.8,18.9,18.3,17.8,17.2,17.2,17.2,17.2,17.2
Apr 23,16.7,16.7,17.2,16.7,17.8,17.8,17.8,18.9,19.4,18.9,17.8,17.8,16.7,16.1,15.6,15.6,16.1,15.6,15,14.4,13.3,12.8,12.8,11.7
Apr 24,10.6,10,8.9,8.3,7.8,7.8,8.9,10,12.2,12.8,14.4,15,16.7,17.8,17.2,17.8,17.2,16.1,14.4,12.2,10.6,10,8.9,8.9
Apr 25,8.3,7.2,7.2,6.7,6.1,6.7,10.6,13.9,17.2,18.9,19.4,20,21.1,20.6,21.7,22.2,21.7,20.6,16.1,13.3,12.2,11.1,10.6,10.6
Apr 26,10,10,8.9,8.9,8.3,7.8,12.2,16.1,19.4,21.1,21.7,22.2,23.9,23.9,24.4,23.9,23.9,22.8,18.3,14.4,15,16.7,13.3,12.8
Apr 27,11.1,10,10.6,12.2,11.1,10.6,12.2,15.6,18.3,22.2,23.3,22.8,22.2,22.2,22.8,22.8,21.7,20,18.3,16.7,16.1,15,15,14.4
Apr 28,13.9,13.9,13.3,12.2,11.7,11.7,12.8,15,16.7,18.3,20,20.6,21.7,22.8,22.8,23.3,22.8,21.7,16.7,15.6,15.6,13.9,14.4,13.3
Apr 29,13.9,12.8,12.8,11.1,11.7,12.8,15.6,17.8,20,20.6,22.2,25,25,26.7,26.7,26.7,26.1,23.9,22.2,22.8,22.2,22.2,21.1,19.4
Apr 30,18.9,18.3,17.8,17.2,17.2,17.2,17.8,19.4,20.6,21.1,21.7,23.9,25,26.7,26.1,26.1,24.4,23.3,21.7,20.6,18.9,18,17.2,16.3
May 1,15.4,14.5,13.7,12.8,13.9,14.4,16.7,20,22.2,23.3,24.4,24.4,25.6,26.1,26.1,25.6,24.4,23.3,20.6,20.6,20,20.6,20.6,20.6
May 2,20,19.4,18.9,18.9,18.9,18.9,19.4,20,22.2,23.3,24.4,25.6,26.7,25.6,27.2,27.2,26.1,25.6,23.9,23.3,22.8,21.7,21.1,20.6
May 3,21.1,21.1,21.1,21.1,21.1,21.1,21.7,22.8,23.3,25,25,27.2,28.9,28.3,28.9,27.8,27.8,26.7,25,23.9,23.3,23.3,23.3,22.8
May 4,21.7,21.7,21.1,19.4,17.2,17.2,17.2,16.7,16.7,17.2,17.2,17.2,17.2,17.8,18.3,19.4,18.9,18.9,18.3,17.8,17.8,17.2,16.7,17.2
May 5,17.8,17.2,15,13.3,12.8,12.2,12.8,13.3,13.3,13.9,15,16.1,16.7,16.7,15.6,15.6,15,14.4,14.4,13.9,13.3,13.3,13.3,13.3
May 6,12.8,12.8,12.8,12.8,12.8,12.8,12.8,13.3,13.9,16.1,18.9,21.7,23.3,24.4,25.6,25.6,25.6,25,21.7,19.4,18.9,17.2,16.7,17.2
May 7,16.7,15,15,14.4,14.4,15.6,17.2,18.9,22.2,23.3,23.9,26.1,27.8,28.3,28.3,29.4,29.4,27.8,26.7,22.8,22.2,21.7,21.1,20
May 8,18.9,18.3,17.8,17.8,16.7,17.2,20,22.8,23.3,24.4,26.7,27.2,28.9,28.9,30,29.4,27.8,27.8,22.8,21.1,21.7,21.7,22.8,21.1
May 9,21.1,20,20,20,20.6,20.6,21.1,23.3,22.8,25.6,25,27.8,27.2,29.4,29.4,29.4,29.4,27.8,25.6,23.9,21.1,22.2,22.2,20.6
May 10,20.6,20,20,21.1,21.1,21.1,22.2,24.4,25.6,27.2,27.8,30.6,31.1,31.7,31.1,31.1,30.6,29.4,27.2,24.4,25,24.4,22.8,21.7
May 11,22.2,21.1,22.2,21.1,21.1,21.7,23.3,25,26.7,27.8,28.3,30,30,28.3,30.6,31.7,23.9,22.8,21.7,20.6,20.6,20.6,21.1,18.9
May 12,18.9,18.9,18.9,19.4,19.4,19.4,20.6,21.1,23.3,23.3,23.3,20.6,20,20,20,17.8,17.8,16.7,15.6,15.6,15.6,15.6,15,14.4
May 13,15,14.4,13.9,13.9,13.9,13.9,14.4,15,16.7,17.2,17.2,18.3,20,21.1,21.7,22.2,21.7,20.6,17.8,17.8,13.9,12.8,12.2,11.1
May 14,10.6,10.6,10,9.4,9.4,10,14.4,18.9,20.6,22.2,23.3,24.4,25,25.6,26.1,26.1,26.1,24.4,20,17.2,16.7,15.6,14.4,14.4
May 15,13.3,12.8,12.8,12.2,11.7,12.8,17.2,21.7,25,26.1,27.8,28.3,28.3,28.9,29.4,29.4,28.9,26.7,22.2,19.4,18.3,17.8,16.7,16.7
May 16,16.1,16.7,16.7,15,15,15.6,20,21.1,23.9,26.1,27.2,27.8,28.3,28.9,29.4,29.4,28.3,26.7,23.3,19.4,17.8,16.7,15.6,14.4
May 17,14.4,13.9,12.8,12.2,12.2,12.8,17.2,20,23.3,25.6,26.7,27.8,28.3,28.3,28.9,28.9,28.3,27.2,21.7,20,18.3,17.2,17.2,16.7
May 18,15.6,15,14.4,13.9,13.9,14.4,18.9,21.1,25,28.3,28.9,28.9,29.4,30.6,29.4,29.4,28.9,27.8,23.3,21.1,22.2,21.7,21.1,20.6
May 19,20,19.4,19.4,19.4,18.3,18.9,21.1,22.8,25,26.1,27.8,27.8,27.8,29.4,30,29.4,29.4,27.8,25.6,22.2,21.1,21.7,21.1,20.6
May 20,20,18.3,17.2,17.2,17.2,17.8,20.6,22.8,25,27.8,27.8,29.4,29.4,30,31.1,28.9,28.3,27.2,25.6,23.3,21.7,21.7,22.2,21.7
May 21,21.1,20.6,20,19.4,18.9,18.9,20,22.8,25,26.1,27.2,27.2,29.4,29.4,30,28.9,27.8,26.7,23.9,22.2,22.2,22.2,21.7,21.1
May 22,21.1,20,19.4,18.9,17.8,18.9,20.6,22.2,25,26.1,26.7,27.8,27.2,28.3,28.3,26.7,25.6,24.4,22.8,22.2,21.1,20.6,19.4,19.4
May 23,19.4,18.9,18.3,18.9,19.4,19.4,20,18.9,20,21.1,22.2,24.4,22.2,22.8,23.9,24.4,25,23.9,20,19.4,18.9,18.9,17.2,16.1
May 24,16.1,15.6,16.1,16.1,15.6,15,15,17.8,18.9,20,20.6,21.7,21.7,21.7,22.8,22.8,22.2,21.1,17.8,16.7,15,13.9,12.8,11.1
May 25,10,10,9.4,8.9,8.3,10,14.4,16.7,17.8,19.4,20,20.6,21.1,21.1,21.1,21.1,20.6,20,17.2,13.3,11.7,10.6,8.9,7.8
May 26,7.2,7.2,7.2,7.2,7.2,9.4,13.9,17.8,21.1,22.2,23.3,23.9,24.4,25,25.6,25,24.4,23.3,20.6,16.7,15,14.4,16.1,16.1
May 27,15,15,14.4,13.9,13.9,14.4,15,19.4,21.1,23.9,25,25.6,26.1,25.6,25.6,21.7,23.3,23.9,22.2,21.1,21.7,20.6,20,20
May 28,18.9,18.3,17.8,17.8,16.7,17.8,20.6,22.8,24.4,26.1,26.7,28.3,27.2,26.7,27.2,26.7,26.1,25.6,23.3,20.6,20.6,21.1,21.1,21.7
May 29,21.1,21.1,20.6,20,20,20.6,21.1,22.2,23.3,25,26.7,27.2,27.8,28.3,24.4,22.2,21.7,19.4,19.4,19.4,20,20,19.4,19.4
May 30,19.4,18.9,18.9,18.9,18.9,19.4,20.6,22.2,22.2,22.2,21.1,20.6,22.2,21.1,21.1,22.2,21.7,21.1,21.1,20.6,20,18.9,18.9,18.3
May 31,17.2,17.2,18.3,18.3,18.3,18.9,20,21.1,23.3,23.9,23.9,25,26.1,27.8,26.7,26.7,26.7,26.1,25,23.3,21.7,21.5,21.2,21
Jun 1,20.7,20.5,20.2,20,20,20.6,22.2,24.4,27.2,27.8,29.4,30.6,31.1,31.7,31.7,31.7,31.1,30.6,28.9,27.8,26.7,26.1,25.6,24.4
Jun 2,24.4,23.3,22.8,21.7,22.2,23.3,24.4,26.1,27.8,29.4,30.6,31.1,31.1,31.7,31.1,32.2,31.7,31.1,30,27.8,26.1,26.7,26.7,26.1
Jun 3,25.6,24.4,23.9,23.3,23.3,23.9,25.6,27.2,28.3,30,31.1,32.2,32.8,32.2,32.8,32.8,32.8,31.7,28.9,26.7,25.6,23.9,23.3,23.3
Jun 4,23.3,23.9,23.9,23.3,22.8,23.3,25.6,27.8,29.4,30,31.1,32.2,32.8,33.3,33.9,33.9,33.3,32.8,29.4,26.7,25.6,25,25,23.9
Jun 5,22.8,23.3,23.9,23.3,22.8,23.9,26.1,27.8,30,31.1,31.1,32.2,33.3,33.3,33.9,33.9,33.9,31.7,28.3,29.4,27.8,25.6,25,26.7
Jun 6,26.1,23.9,22.8,22.8,22.8,24.4,26.1,27.2,28.9,30.6,31.7,32.2,32.8,33.9,33.9,32.8,32.8,31.1,27.8,26.7,27.8,25.6,25,23.3
Jun 7,22.2,22.2,21.7,21.1,21.1,22.2,23.9,26.7,28.3,29.4,30.6,30.6,32.8,32.8,33.3,32.2,32.8,30.6,27.8,26.1,23.9,23.3,22.8,21.7
Jun 8,21.7,21.1,20,20,20,20.6,24.4,27.2,29.4,30.6,31.7,31.7,31.7,32.8,32.8,33.3,32.8,31.7,28.9,26.7,25.6,23.9,23.9,23.3
Jun 9,22.2,21.7,21.1,20.6,21.1,22.2,23.3,25,27.8,28.9,31.1,31.7,32.2,32.2,28.3,27.8,30.6,28.9,27.2,25.6,24.4,22.8,22.8,21.7
Jun 10,20.6,20.6,20,19.4,19.4,21.1,24.4,26.1,28.3,30,31.7,31.7,32.2,32.2,26.1,25,27.2,26.7,25,23.9,22.8,22.2,22.2,21.7
Jun 11,22.2,21.7,21.1,20.6,20,20.6,22.8,26.1,28.3,30,30.6,32.2,33.3,32.8,28.3,24.4,23.3,23.3,22.2,22.2,21.7,21.7,21.7,21.1
Jun 12,20.6,20.6,20,19.4,19.4,21.1,22.8,23.3,26.1,27,28.9,30,25.6,27.8,28.3,28,28.9,27.8,26.7,25,25,24.4,23.9,23.3
Jun 13,23.3,22.8,22.2,21.1,21.1,22.2,22.8,23.9,24.4,27,28.3,29.4,30.6,31.1,31.1,31.1,30,27.8,26.1,26.1,25.6,25,24.4,24.4
Jun 14,23.9,23.3,22.8,22.8,22.8,23.3,23.9,25.6,26.7,28.3,28.3,23.3,23.9,25,25.6,27.2,28.3,25.6,25,24.4,23.3,22.8,22.8,22.8
Jun 15,22.8,22.2,21.7,21.7,21.7,22.2,22.8,22.8,23.3,24.4,25,26.7,27.8,29.4,28.3,27.8,27.2,26.7,25,24.4,22.8,22.8,22.2,22.2
Jun 16,21.7,21.7,22.2,21.7,22.2,22.2,22.2,22.2,23,25,26.7,28.3,28.3,30,30.6,30.6,29.4,28.9,26.1,23.9,22.8,22.2,21.7,20.6
Jun 17,19.4,19.4,19.4,18.3,17.8,19.4,22.2,23.3,23.9,25.6,26.7,27.8,28.3,28.3,28.3,28,27.8,27.2,25,22.8,22.8,21.7,20,20
Jun 18,19.4,19.4,18.3,17.2,17.2,17.2,20,22.2,24.4,25.6,27.2,27.8,28.9,28.9,28.9,28.9,28.3,27.8,24.4,21.1,20,17.8,17.2,16.7
Jun 19,16.7,15.6,15.6,15,14.4,15.6,19.4,24.4,27.2,27.2,28.9,29.4,30.6,30,30,30.6,30,29.4,26.1,24.4,23.9,24.4,23.9,23.3
Jun 20,23.3,22.2,20.6,20,18.3,19.4,21.7,23.9,26.1,27.2,28.9,29.4,30.6,31.1,31.1,31.1,30.6,29.4,27.2,24.4,23.9,22.8,21.7,20.6
Jun 21,20.6,18.9,18.9,18.3,18.3,19.4,22.8,25.6,27.8,28.3,28.9,29.4,30,30.6,31.1,31.1,30.6,30,27.2,24.4,23.9,22.8,22.8,22.2
Jun 22,21.7,22.2,20.6,20,20.6,22.2,24.4,26.1,27.2,28.9,30.6,31.1,31.7,31,23.3,24.4,25,25.6,24.4,22.8,22.8,22.8,22.2,22.2
Jun 23,22.2,22.2,22.2,22.2,22.2,22.8,23.3,24.4,26.1,28,28.9,30,30.6,30.6,30,29.4,28.3,27.8,26.1,25.6,25,25.6,25,24.4
Jun 24,23.9,23.9,23.9,23.9,23.3,23.9,26.1,27.2,28.9,30.6,31.7,32.8,33.3,33.9,32.8,32.8,32.2,30,28.9,27.2,26.7,26.1,25.6,25
Jun 25,24.4,24.4,23.9,24.4,23.9,24.4,25.6,26,24,25,24,24.4,25,26.7,22.8,23.3,24,24.4,24.4,23.9,23.9,23.9,23.9,23.9
Jun 26,23.9,23.9,23.3,23.3,23.3,23.3,23.3,23.9,23.9,23.9,23.9,25.6,26,26.7,27.2,28.3,28.9,28.3,27.2,25.6,25.6,25.6,25.6,25.6
Jun 27,25.6,25.6,25,25.6,25.6,26.1,26.7,27.8,29.4,29.4,30.6,31.7,32.2,32.2,32.2,32.8,32.2,32.2,30.6,29.4,28.3,27.8,27.8,27.2
Jun 28,26.7,26.7,26.1,26.7,26.1,26.1,26.7,27.8,29,30.6,31.7,31.7,32.2,32.8,32.8,32.8,32.2,31.1,30,28.9,28.3,27.8,26.7,26.7
Jun 29,26.1,25.6,25.6,26.1,25.6,26.1,26.7,26.7,26.7,25,23.3,28.3,30,31.1,31.1,30.6,30,29.4,28.9,26.7,26.1,26.1,27.2,26.7
Jun 30,26.1,25.6,24.4,25,25,25,26.1,27.2,28.3,28.9,30.6,30,31.7,31.1,31.7,31.7,31.1,30.6,28.9,26.7,25.6,25.4,25.1,24.9
Jul 1,24.6,24.4,24.1,23.9,23.3,24.4,28.3,31.7,33.3,33.9,34.4,35,34.4,35.6,34.4,35.6,33.3,31.7,29.4,27.2,26.1,25,25,24.4
Jul 2,24.4,23.9,24.4,23.9,23.3,24.4,27.2,30.6,32.8,35,35.6,36.1,31.1,31.1,31.1,33.3,31.7,30.6,29.4,27.8,27.2,26.7,26.1,25
Jul 3,24.4,23.9,23.3,23.3,23.3,23.9,25.6,28.9,30.6,31.7,33.9,33.9,33.3,22.8,23.3,24.4,26.1,26.7,26.1,25.6,25,25.6,24.4,24.4
Jul 4,24.4,24.4,23.9,23.9,23.3,23.9,25,25.6,28.3,30.6,31.7,32.2,31.1,30.6,30,23.3,23.3,23.3,23.3,23.3,22.8,22.8,22.8,22.8
Jul 5,22.8,22.8,22.8,22.8,22.8,22.8,23.3,25,25,27.2,28.9,30,30.6,31.1,30.6,28.3,23.9,25.6,25,23.9,23.3,22.8,22.8,22.8
Jul 6,22.8,22.8,23.3,23.3,22.8,22.8,23.3,25.6,27.2,28.3,29.4,28.9,30,30,30,27.8,27.8,26.7,26.1,25,24.4,23.9,23.3,23.3
Jul 7,22.8,22.8,23.3,23.3,22.8,22.8,23.9,24.4,26.1,27.2,27.8,28.9,29.4,30,30,24.4,24.4,25,25,24.4,24.4,23.9,23.3,23.3
Jul 8,22.8,22.8,22.8,22.8,22.8,22.8,23.3,23.9,25,26.7,28.3,30.6,31.1,32.2,32.2,32.8,31.7,31.7,28.9,27.2,25.6,25,23.9,23.3
Jul 9,23.3,23.3,22.8,22.8,22.2,23.3,25.6,27.8,29.4,30,31.7,32.2,33.3,33.9,34.4,33.3,33.3,30.6,30,26.7,25.6,25,25.6,25.6
Jul 10,25,24.4,24.4,23.9,23.9,24.4,26.7,28.3,30.6,31.7,31.7,32.2,33.3,33.3,34.4,33.9,33.3,32.2,27.8,26.1,24.4,23.9,23.9,23.3
Jul 11,22.8,22.8,22.8,22.8,22.8,24.4,26.7,28.3,29.4,31.1,31.7,32.8,33.3,32.8,33.9,33.9,32.8,32.8,30,27.8,27.2,25.6,24.4,23.9
Jul 12,23.9,24.4,25,25,25.6,26.1,27.8,28.9,30,31.7,32.8,32.8,33.9,33.9,35,33.3,33.9,32.8,30,27.8,25.6,25,24.4,24.4
Jul 13,23.3,23.3,22.8,22.8,22.8,23.9,26.7,28.9,30.6,32.2,32.8,32.8,33.3,35,35,35,35,33.3,29.4,29.4,28.3,27.8,27.2,26.1
Jul 14,25.6,24.4,24.4,23.3,22.8,23.9,27.8,29.4,31.1,32.8,33.3,34.4,34.4,35,35,33.3,35,31.7,28.3,26.7,26.1,25,24.4,24.4
Jul 15,24.4,23.9,23.3,23.3,24.4,25,26.7,27.8,31.1,31.7,32.8,33.3,33.3,33.3,33.9,32.8,32.8,31.7,28.9,26.7,26.1,26.1,25,23.3
Jul 16,22.8,22.8,21.7,22.8,21.1,22.2,26.1,27.2,29.4,31.7,32.8,32.8,33.9,33.3,33.9,32.8,31.7,29.4,27.8,25.6,25,24.4,23.9,23.3
Jul 17,23.3,22.8,22.8,22.2,22.2,22.8,25,28.3,30,31.7,31.7,32.2,32.8,33.3,32.2,32.2,31.1,28.9,26.7,25,25,23.9,23.9,23.3
Jul 18,23.3,22.8,21.7,22.2,21.7,22.8,25.6,29.4,31.7,32.2,32.8,31.1,31.7,30.6,28.9,28.3,28.9,25.6,24.4,23.3,22.2,22.8,22.8,22.2
Jul 19,21.7,21.1,21.7,21.1,21.1,21.7,23.9,26.7,28.3,30,31.1,32.2,33.3,33.9,32.8,32.2,31.7,30.6,28.3,26.7,25,23.3,23.3,21.7
Jul 20,21.7,21.7,21.7,21.7,21.7,22.8,25,27.8,28.9,30.6,32.2,33.3,32.2,33.9,34.4,33.9,32.8,31.1,29.4,28.3,26.1,25.6,23.9,23.3
Jul 21,23.3,22.8,22.8,22.8,22.2,23.3,26.1,28.3,31.1,31.1,32.8,33.9,34.4,35,33.3,35.6,35,33.3,29.4,26.7,26.7,25.6,24.4,24.4
Jul 22,23.3,23.3,22.8,22.2,22.2,23.3,26.1,28.3,31.1,32.2,33.3,33.9,35,35,34.4,35.6,33.3,31.7,31.1,29.4,27.8,27.2,26.7,26.1
Jul 23,25.6,24.4,23.9,24.4,23.9,25,28.3,29.4,29.4,30,32.2,32.8,32.2,33.3,30.6,29.4,28.3,28.9,28.3,26.7,25.6,25,25.6,24.4
Jul 24,25,25,25,24.4,23.9,24.4,26.1,28.9,30.6,30.6,32.8,30.6,33.3,33.9,32.8,33.3,29.4,27.8,25,24.4,25,24.4,23.3,22.8
Jul 25,22.8,22.8,22.8,23.3,23.3,23.3,25,26.1,27.8,29.4,30.6,32.2,30.6,32.2,31.7,25,26.1,26.1,24.4,24.4,23.9,23.9,23.3,23.3
Jul 26,23.3,22.8,23.3,23.3,23.3,23.9,23.9,22.8,23.3,23.9,25.6,25.6,28.3,28.3,29.4,25,26.1,26.7,25.6,25,24.4,23.9,23.3,22.8
Jul 27,23.3,23.3,23.3,23.3,23.3,23.3,23.9,26.1,28.3,30,31.1,31.7,32.2,31.7,31.7,31.7,31.1,30,27.8,26.1,25,24.4,23.9,23.3
Jul 28,22.8,22.8,22.8,22.2,21.7,22.2,25,28.3,30,31.1,32.2,31.7,33.9,33.3,32.8,26.7,25.6,25.6,24.4,23.9,23.9,23.3,22.8,22.8
Jul 29,22.2,22.2,22.2,22.2,22.2,23.3,23.9,25.6,28.9,30,30,30.6,31.1,31.1,32.8,31.1,32.8,30.6,28.3,25.6,24.4,23.9,23.3,22.8
Jul 30,22.8,22.8,22.8,22.2,21.7,22.8,26.1,29.4,31.7,33.3,33.9,33.9,29.4,34.4,32.2,32.2,33.3,31.7,29.4,27.8,26.7,26.1,25,24.4
Jul 31,23.9,23.3,22.8,23.9,22.2,22.8,25,26.7,28.9,31.1,31.7,31.7,32.8,32.8,32.8,32.8,32.8,31.1,26.7,25,22.8,22.8,22.8,22.8
Aug 1,22.8,22.8,22.8,22.8,22.2,21.7,23.3,25,26.7,28.9,31.1,31.7,32.8,33.3,33.9,34.4,33.3,31.7,29.4,27.2,26.1,25,24.4,23.3
Aug 2,22.8,22.2,23.9,22.8,21.7,22.2,24.4,26.7,28.3,30.6,31.7,32.8,33.9,35,35,33.3,33.9,32.8,28.9,28.3,26.1,26.1,25,24.4
Aug 3,23.9,23.9,23.9,23.3,23.3,23.3,23.9,27.2,29.4,31.1,32.2,33.3,34.4,35.6,35,35.6,34.4,33.3,25.6,24.4,24.4,24.4,23.9,23.9
Aug 4,23.9,23.3,23.3,23.3,23.3,23.3,24.4,26.1,28.3,31.1,31.7,33.3,33.3,34.4,31.7,28.9,29.4,28.3,28.3,27.2,27.2,26.7,26.1,25.6
Aug 5,24.4,23.9,24.4,23.9,23.3,22.8,25.6,27.8,30.6,31.7,33.3,33.3,35,34.4,35.6,35.6,35,33.3,30,29.4,28.3,27.2,26.7,25.6
Aug 6,25,24.4,24.4,24.4,23.9,23.9,25,26.7,29.4,31.1,32.2,32.8,35,35,36.1,35.6,35,31.7,30,28.9,27.8,28.3,25.6,26.1
Aug 7,25.6,25.6,25,25,25.6,25.6,26.1,27.8,29.4,31.1,25,27.2,29.4,31.1,32.2,27.2,27.2,26.7,25.6,25.6,25,25,25,25.6
Aug 8,25,25,23.9,23.9,23.3,22.8,24.4,26.1,27.8,28.3,29.4,31.1,31.1,31.7,32.2,31.7,31.1,29.4,26.7,23.9,22.2,20.6,20,20
Aug 9,19.4,18.3,18.3,17.8,17.2,17.2,20,24.4,27.2,29.4,30.6,31.1,31.1,31.1,31.1,30.6,31.7,28.9,25.6,23.9,21.7,21.1,20.6,20
Aug 10,20,19.4,18.9,18.9,17.8,18.9,21.1,24.4,27.2,29.4,31.7,32.2,31.7,32.8,33.3,33.3,32.8,31.1,26.1,24.4,23.3,22.2,22.2,21.1
Aug 11,21.1,20.6,20.6,20.6,20,20,22.2,25.6,28.9,31.7,32.8,33.3,33.3,32.8,34.4,33.9,33.3,32.2,27.2,25.6,24.4,23.3,22.8,22.2
Aug 12,23.3,23.9,23.9,23.9,22.8,23.3,24.4,27.2,29.4,32.2,33.3,33.3,35,35.6,35,35,33.9,32.2,30,27.2,26.1,26.1,26.7,23.9
Aug 13,23.9,22.8,22.2,22.8,22.8,21.7,24.4,26.1,28.3,31.1,32.8,34.4,35.6,35.6,36.1,35.6,35,33.3,30.6,27.8,26.1,25.6,26.7,26.1
Aug 14,25,25,25,25,24.4,24.4,25.6,27.2,30,31.7,33.3,35,35.6,35.6,36.1,36.1,35,33.9,29.4,27.2,28.3,27.8,26.7,25.6
Aug 15,25.6,25,24.4,23.9,23.3,23.9,25.6,27.8,31.1,32.8,33.9,35,36.7,37.2,37.2,37.2,36.1,35,30.6,28.9,28.3,27.2,27.8,26.1
Aug 16,26.7,26.7,25.6,25.6,26.1,25.6,26.7,29.4,32.2,33.3,34.4,36.1,36.7,38.3,37.2,36.7,33.9,26.7,25.6,25.6,25,25,25,25
Aug 17,25,24.4,24.4,24.4,24.4,25,25.6,26.7,28.3,31.1,32.2,33.3,33.3,33.9,33.9,32.8,31.1,27.8,27.2,28.3,26.1,25.6,25,25
Aug 18,24.4,24.4,24.4,23.9,24.4,23.9,25.6,27.8,29.4,31.1,32.8,32.8,33.9,33.9,33.3,33.9,32.8,31.7,29.4,27.8,26.7,26.1,25,25
Aug 19,24.4,23.9,24.4,23.9,23.9,23.9,24.4,24.4,24.4,25.6,26.7,27.8,28.3,28.9,29.4,28.9,28.3,27.2,26.1,25,24.4,23.9,23.9,23.9
Aug 20,23.9,23.9,23.3,23.3,23.3,23.3,23.3,24.4,25,26.1,27.2,28.3,28.3,28.3,28.3,29.4,27.8,26.7,25.6,23.9,23.3,23.9,23.3,22.2
Aug 21,23.3,23.3,23.3,23.3,22.8,22.2,23.3,23.9,23.9,25.6,26.7,27.2,28.3,30,31.1,31.1,30.6,28.9,26.7,25.6,25,24.4,23.9,23.3
Aug 22,23.3,23.3,23.9,23.9,23.3,22.8,23.9,25,25.6,26.1,26.1,26.1,26.7,27.8,28.3,27.8,28.3,27.2,25.6,23.9,23.3,22.8,22.2,21.1
Aug 23,20.6,20,20,20.6,20.6,21.1,21.7,22.2,23.9,25.6,27.2,28.3,31.1,32.8,32.8,31.7,32.2,31.1,26.7,24.4,23.9,24.4,23.3,23.9
Aug 24,22.8,22.8,22.2,21.7,20.6,20.6,23.3,25.6,27.8,29.4,31.1,32.2,33.9,33.3,33.3,33.3,32.8,31.1,27.8,26.7,25.6,24.4,23.9,23.3
Aug 25,22.2,22.2,21.7,21.1,21.1,21.1,23.9,27.2,28.9,31.1,32.2,33.3,34.4,33.9,34.4,34.4,33.9,32.8,27.8,28.9,27.8,26.7,24.4,23.3
Aug 26,21.7,22.2,22.8,21.7,21.1,20,21.7,26.7,29.4,31.1,32.2,33.3,33.3,34.4,34.4,33.9,33.3,31.7,28.3,25.6,26.1,25.6,25,23.9
Aug 27,23.3,21.1,20.6,20.6,20,20,21.7,25.6,27.8,29.4,31.7,31.7,32.2,32.8,32.8,33.3,33.3,32.2,27.2,29.4,27.2,26.1,25.6,25.6
Aug 28,24.4,24.4,24.4,23.3,23.3,22.8,23.3,25.6,26.7,27.2,28.3,29.4,31.1,32.2,32.8,33.3,32.2,31.1,28.3,27.2,26.7,26.1,25.6,25
Aug 29,23.9,23.9,23.9,23.9,23.9,23.9,24.4,26.1,28.3,28.9,31.7,32.2,30.6,31.1,25.6,26.1,25.6,25,24.4,23.9,23.3,23.3,23.3,22.8
Aug 30,23.3,23.9,23.9,23.9,23.9,24.4,24.4,26.1,27.8,29.4,32.2,33.3,33.9,34.4,33.9,33.3,33.3,29.4,26.1,25.6,25,24.4,24.4,23.9
Aug 31,23.9,23.9,23.9,23.9,23.9,23.9,23.9,25,26.1,27.2,28.9,31.1,31.7,31.7,31.1,26.7,25.6,25,24.4,23.9,23.9,23.8,23.6,23.5
Sep 1,23.4,23.3,23.1,23,22,22.2,23.3,25.6,28.3,30,31.7,32.8,33.3,33.9,34,32.8,31.1,29.4,27.8,27.2,26.1,23.9,22.8,22.8
Sep 2,22.8,22.8,22.2,21.7,21.7,22.8,22.8,23.9,25.6,26.7,27.8,28.9,30.6,30.6,30.6,30,29.4,27.8,26.7,25.6,25,24.4,24.4,23.9
Sep 3,23.3,22.2,22.2,22.8,21.7,22.2,22.8,23.3,23.3,25.6,28.9,30,30.6,31.1,32.2,32.2,31.7,31.1,28.9,26.7,25.6,26.1,25.6,25
Sep 4,24.4,23.9,23.3,22.8,22.8,22.8,24.4,26.7,28.9,30,31.7,30.6,33.3,27,26.1,26.1,27.8,27.2,26.1,25.6,25,24.4,24.4,23.3
Sep 5,23.3,23.9,23.3,22.8,23.9,23.3,25,27.2,29.4,30.6,32.2,33.9,33.9,35,36.1,36.1,30,25,23.9,24.4,23.9,23.3,23.9,23.3
Sep 6,23.3,22.8,23.3,23.3,22.8,22.8,23.9,25,26.7,27.8,30.6,31.7,33.9,33.9,30.6,30.6,25.6,25,23.3,23.3,23.9,23.9,23.9,23.9
Sep 7,23.3,22.8,22.8,22.8,22.2,22.2,23.3,24.4,25.6,27.2,28.9,32.2,32.2,33.3,33.9,33.3,32.8,30.6,28.3,27.8,26.7,25.6,25,23.3
Sep 8,22.2,22.8,22.2,22.2,22.2,22.8,23.3,25.6,28.3,30,31.7,31.7,26.1,23.3,22.2,23.3,23.9,23.9,22.8,22.8,22.8,22.8,22.8,22.2
Sep 9,22.2,21.7,21.7,21.7,21.1,21.1,21.7,22.8,24.4,25.6,27.2,28.3,29.4,30,29.4,30,30,28.3,27.2,25,22.8,22.2,21.1,20
Sep 10,18.9,20,18.9,19.4,18.3,17.2,19.4,23.3,26.7,28.3,30,30.6,31.7,31.7,32.2,31.7,31.1,28.3,21.1,21.1,22.2,18.9,17.8,17.2
Sep 11,16.1,15.6,15,13.9,13.9,13.3,16.7,22.8,26.1,28.9,30.6,31.1,32.2,32.2,32.2,31.7,30.6,27.8,24.4,22.2,21.7,20,18.9,18.3
Sep 12,17.8,18.9,18.9,18.3,18.3,17.8,19.4,24.4,28.3,30,31.1,32.2,33.9,32.2,32.2,32.2,31.7,29.4,27.2,26.1,24.4,23.9,24.4,24.4
Sep 13,23.9,22.2,22.2,21.7,21.1,21.1,23.3,25,28.3,30,31.7,31.1,32.2,33.3,32.2,31.1,29.4,28.3,26.7,25,25,24.4,23.3,22.8
Sep 14,22.2,21.7,21.1,20.6,20.6,20,21.1,22.8,24.4,26.1,27.8,29.4,30,30.6,31.1,30.6,30,27.2,23.3,22.8,20,19.4,20,21.1
Sep 15,20,19.4,17.8,17.8,17.2,17.8,19.4,21.1,23.9,26.1,28.3,29.4,31.1,31.7,31.7,31.7,31.1,28.3,23.9,22.2,21.1,21.1,21.1,21.1
Sep 16,22.2,21.1,18.9,17.8,15.6,14.4,18.9,23.3,24.4,26.1,28.3,28.9,30,30.6,30,29.4,29,26.7,23.3,20.6,21.1,19.4,18.9,18.3
Sep 17,17.8,17.8,17.2,15.6,14.4,13.3,17.2,19.4,22.2,24.4,27.2,27.8,27.8,28.9,28.9,29.4,28.3,24.4,20.6,18.3,17.8,16.1,15,13.3
Sep 18,13.3,12.8,12.2,11.7,11.1,11.1,13.9,20.6,24.4,28.3,28.9,30,31.7,31.7,32.2,31.7,30.6,27.8,22.8,20.6,20.6,18.9,18.9,17.8
Sep 19,16.7,16.1,16.1,16.7,16.7,16.7,19.4,23.3,25.6,28.3,30,31.1,32.2,32.8,32.8,33.3,32.8,29.4,28.3,27.2,26.1,25,24.4,23.3
Sep 20,21.7,20,19.4,18.9,20.6,20.6,20.6,20.6,21.7,23.3,26.1,27.8,29.4,30.6,31.1,31.7,31.1,28.9,25,24.4,23.3,22.8,22.2,22.8
Sep 21,21.1,21.1,20,20,20,20,20,19,18.9,18,18.9,22.2,24.4,23.3,24.4,23.3,22.2,21.1,20,18.9,17.8,16.7,15.6,15
Sep 22,15,15,14.4,13.9,13.3,12.2,14.4,16.1,18.3,20,21.1,22.2,23.3,24.4,25,25,23.9,21.1,17.8,15.6,13.9,11.7,11.1,10
Sep 23,9.4,8.9,8.3,7.8,7.2,6.7,9.4,15.6,21.7,22.8,24.4,25.6,26.1,27.2,27.8,27.8,27.2,22.8,17.2,16.7,12.2,12.2,11.1,11.7
Sep 24,11.1,10,11.1,12.2,11.7,12.2,13.9,17.2,20.6,23.3,25.6,27.2,27.8,28.3,29.4,28.9,28.3,23.9,21.1,17.8,16.1,15.6,15,14.4
Sep 25,15,13.3,13.9,12.8,12.2,12.2,14.4,19.4,22.8,25,26.7,28.9,29.4,30.6,30,30.6,29.4,27.2,22.8,21.7,23.9,22.2,20.6,21.7
Sep 26,21.7,21.1,19.4,19.4,20.6,20.6,21.7,23.3,23.9,24.4,25.6,26.7,28.9,30,30.6,31.1,30,26.1,23.3,22.8,22.8,22.8,22.8,22.2
Sep 27,22.2,21.7,21.1,19.4,20.6,20,21.1,21.7,24.4,27.2,28.9,30.6,31.1,32.2,32.8,31.7,30,28.3,27.2,26.1,25,24.4,23.3,23.3
Sep 28,23.9,22.2,21.1,22.2,21.1,21.1,22.8,24.4,25.6,27.8,28.3,28.9,29.4,30,30,27.8,23.9,23.3,23.3,23.3,23.3,23.3,23,21.7
Sep 29,21.7,22.2,22.2,22,22.2,22.2,23,22.2,18.9,17.8,17.2,16.1,16.1,16.7,17.2,17.8,17.8,16.7,15.6,14.4,13.9,13.3,12.2,11.7
Sep 30,11.7,10.6,11.1,10,10,9.4,11.7,16.1,18.3,20,21.1,21.7,22.8,23.3,23.9,23.3,22.8,17.8,15,13.9,12.2,12.6,13,13.4
Oct 1,13.8,14.2,14.6,15,16.1,16.1,16.7,17.8,18.9,19.4,21.1,22.2,22.8,23.9,25,24.4,24.4,21.1,18.9,18.3,17.8,16.7,16.1,15.6
Oct 2,15,15,14.4,14.4,14.4,14.4,17.2,21.1,23.9,27.2,28.3,29.4,30.6,31.1,30.6,30.6,28.9,23.3,21.1,20,19.4,18.9,18.3,17.2
Oct 3,17.2,16.7,16.7,15.6,15.6,15.6,17.2,22.2,26.1,28.3,30,30,31.1,31.1,31.1,30.6,28.9,25,22.2,22.8,20.6,18.9,18.3,17.8
Oct 4,18.3,17.8,16.7,16.1,15,14.4,16.1,18.9,21.1,23.3,25,26.1,27.2,27.8,27.8,27.2,25.6,21.1,18.9,17.8,16.7,15.6,15,15
Oct 5,13.9,13.3,12.8,12.2,12.2,12.2,15,19.4,22.8,25,26.1,28.3,28.9,30.6,30,30,26.7,21.7,20,18.9,17.8,17.2,17.2,16.1
Oct 6,16.7,17.2,16.1,17.2,16.7,17.8,17.8,19.4,21.1,24.4,27.2,27.8,28.3,28.9,30,29.4,28.3,23.9,21.7,21.1,20,20,19.4,18.9
Oct 7,18.9,18.3,19.4,20.6,20,20.6,20.6,20,20,23.3,22.2,22.2,22.2,21.1,20.6,20.6,18.3,17.8,17.8,17.8,18.3,17.8,17.2,17.8
Oct 8,17.2,17.2,16.7,16.1,15,13.3,13.9,16.1,16.7,18.9,19.4,21.1,22.8,23.3,23.3,23.3,22.2,16.7,13.9,12.8,11.1,10.6,10,9.4
Oct 9,8.9,8.3,8.3,8.3,9.4,7.8,9.4,15,18.9,18.3,20.6,22.2,22.8,22.8,23.3,22.8,21.1,15,13.3,11.7,10.6,10.6,10,9.4
Oct 10,8.3,7.2,6.7,6.7,6.1,6.1,8.3,13.9,18.3,21.1,22.8,24.4,25.6,26.1,26.7,26.1,23.9,18.3,16.1,14.4,14.4,12.8,12.2,12.2
Oct 11,11.1,10.6,10.6,10,10,10,11.1,16.7,21.7,24.4,26.1,27.2,28.3,28.9,28.3,28.3,26.1,18.9,17.2,16.1,15,14.4,17.2,14.4
Oct 12,13.3,12.8,12.8,11.7,11.7,10.6,12.8,17.8,23.3,26.7,27.8,28.9,29.4,30,30,29.4,27.2,20,17.8,16.7,16.7,16.7,16.1,15.6
Oct 13,15,15,15,15,15,14.4,15,17.2,20.6,22.8,25,27.2,26.7,27.2,26.7,26.7,25.6,21.1,20.6,18.9,17.2,16.1,15.6,15
Oct 14,14.4,13.9,13.3,13.3,12.8,12.8,13.9,18.9,21.7,23.3,24.4,26.1,27.2,27.8,27.2,26.1,24.4,20.6,18.3,19.4,17.2,16.7,15.6,15
Oct 15,14.4,14.4,16.1,15,14.4,14.4,16.7,20,23.3,25,26.7,27.8,28.3,28.9,28.9,28.9,25,23.9,23.9,23.3,23.9,23.3,23.3,23.3
Oct 16,23.3,22.8,22.8,22.8,23.3,23.3,23.3,23.9,24.4,24.4,25.6,25.6,23.9,27.2,27.2,26.7,26.1,25,24.4,23.9,23.9,23.3,23.3,22.8
Oct 17,22.8,22.2,22.2,22.8,22.8,22.8,23.3,23.3,23.9,25,25.6,26.1,25,22.2,20.6,19.4,17.8,17.2,16.7,16.1,16.1,15,15,14.4
Oct 18,13.9,13.3,12.8,12.2,12.2,11.7,10.6,10.6,11.1,10.6,11.1,11.1,10.6,10.6,10,9.4,8.9,8.3,7.8,7.2,7.2,6.7,6.1,5
Oct 19,4.4,3.9,3.3,3.3,3.9,3.3,4.4,6.7,7.2,8.3,7.8,8.3,10.6,8.9,10,8.3,7.8,7.2,5.6,5,4.4,3.9,3.3,2.2
Oct 20,1.1,0,-1.1,0,-1.1,-1.7,0,4.4,7.8,10,11.1,12.2,12.8,13.3,13.9,13.3,12.2,7.2,3.9,2.8,2.8,2.2,1.1,0.6
Oct 21,0.6,0,0,0,0,0.6,4.4,9.4,13.3,17.2,18.9,21.1,22.2,23.3,23.3,22.8,20.6,15,15.6,12.8,13.9,14.4,13.3,13.9
Oct 22,14.4,14.4,13.9,12.8,12.2,11.7,12.8,13.9,18.3,21.7,21.7,22.8,23.3,23.3,23.3,22.8,21.7,17.8,14.4,14.4,13.9,14.4,15,13.9
Oct 23,13.9,13.3,12.2,11.7,11.7,11.1,11.7,15.6,20,22.2,23.3,25,26.1,25.6,26.1,25,21.7,17.2,16.1,17.8,16.7,13.9,12.8,13.3
Oct 24,16.1,16.1,15.6,15,13.3,12.2,13.3,17.2,20,22.8,24.4,25,25.6,25.6,25,24.4,21.1,17.8,15,15.6,16.1,13.9,12.8,11.7
Oct 25,10.6,10,8.9,8.3,7.8,7.2,7.8,13.3,19.4,21.7,22.8,23.9,25,25,25,24.4,22.2,14.4,13.3,12.2,10.6,10,8.3,7.8
Oct 26,6.7,6.7,6.1,5.6,5,4.4,5.6,12.2,19.4,22.2,23.9,25,25.6,26.1,25.6,25,20.6,14.4,13.3,13.3,12.2,10.6,9.4,8.9
Oct 27,8.3,7.8,7.2,7.2,6.7,6.1,6.7,13.3,19.4,22.8,24.4,25.6,26.1,26.1,26.1,25,21.1,14.4,12.8,12.8,11.1,10,9.4,8.3
Oct 28,7.8,6.7,6.1,5.6,5.6,5,6.1,12.8,20,22.8,24.4,25.6,26.1,26.7,26.1,25.6,22.2,16.7,15,15,13.3,13.9,16.7,13.3
Oct 29,11.1,10.6,9.4,9.4,8.3,7.8,8.3,13.9,21.7,23.9,25.6,26.7,27.2,27.2,27.2,26.7,23.3,15,13.9,12.8,11.1,10,9.4,8.9
Oct 30,8.9,8.9,8.3,7.8,7.2,6.7,7.8,12.8,17.2,22.8,24.4,26.1,26.7,26.7,25.6,26.1,20.6,16.7,15.6,17.2,20,18.9,16.7,16.1
Oct 31,15.6,16.1,16.1,16.1,16.1,14.4,13.9,13.3,13.3,13.9,13.9,13.9,17.2,18.3,18.9,18.9,14.4,11.7,11.1,10,8.9,8.4,8,7.5
Nov 1,7,6.5,6.1,5.6,6.1,6.7,6.7,9.4,11.7,15.6,17.8,19.4,20,19.4,19.4,18.9,16.1,13.9,13.3,13.9,13.3,13.9,13.3,12.2
Nov 2,13.3,13.3,13.3,13.3,12.2,12.2,11.7,12.2,13.9,14.4,16.7,18.3,18.9,18.9,18.9,17.8,16.1,13.3,12.2,11.1,10,9.4,8.3,7.8
Nov 3,7.2,6.1,4.4,6.7,6.1,5.6,5.6,7.8,10,11.7,12.8,13.9,15,16.1,16.1,15.6,12.8,7.8,4.4,3.3,2.8,2.2,1.1,0.6
Nov 4,0,0,-0.6,-0.6,-0.6,-1.1,-1.1,5.6,11.7,13.9,16.1,18.3,19.4,20,20,20,17.8,11.1,12.8,15,13.3,11.7,11.1,10.6
Nov 5,11.1,10.6,8.9,10,12.8,13.3,13.9,16.1,17.8,21.7,22.8,23.3,25,25,25.6,24.4,23.3,22.8,22.8,22.2,22.2,21.7,21.7,21.7
Nov 6,22.2,22.2,21.7,21.1,20.6,20.6,20.6,21.7,22.2,23.3,23.3,24.4,24.4,21.7,17.8,17.2,16.7,16.7,16.1,16.7,16.7,16.7,16.7,17.2
Nov 7,17.2,17.2,17.8,18.3,18.3,18.3,18.9,19.4,20,20,20.6,21.7,23.3,23.3,22.8,21.7,19.4,20,20,20,20,20,20,19.4
Nov 8,17.8,17.2,17.8,18.3,18.9,19.4,20.6,22.2,21.1,24.4,26.1,26.1,26.7,28.3,28.9,26.7,17.8,17.8,17.8,17.8,17.8,16.7,14.4,14.4
Nov 9,13.3,11.1,11.7,10,8.9,8.3,8.9,11.7,13.3,14.4,16.1,17.2,18.9,19.4,20,19.4,16.7,11.7,9.4,8.3,7.2,7.2,6.7,7.2
Nov 10,6.7,6.1,6.1,6.1,6.1,5.6,6.1,11.7,15.6,18.9,22.2,24.4,25,25,25,25,19.4,13.3,12.2,11.1,10,9.4,8.9,8.9
Nov 11,8.3,7.8,7.8,7.2,6.7,6.7,6.7,12.2,16.7,20,23.3,25,26.1,26.7,26.7,26.1,21.7,15,12.8,12.8,11.1,10.6,10.6,10
Nov 12,10,8.9,8.3,7.8,7.2,7.2,7.2,11.1,16.7,20,23.3,24.4,25,25.6,25,24.4,21.1,15,13.3,12.8,15,11.1,10,10
Nov 13,11.7,9.4,9.4,8.9,9.4,12.2,12.2,15.6,18.3,20.6,22.2,22.8,23.9,23.3,22.2,21.1,21.1,20,17.2,17.8,19.4,19.4,17.8,17.8
Nov 14,16.1,17.2,17.8,18.3,19.4,18.9,18.9,20,21.1,22.2,24.4,26.1,25,25.6,26.1,25,22.8,20,18.3,18.3,18.9,18.9,18.9,18.9
Nov 15,18.9,20,20,20.6,20.6,21.1,21.1,22.2,23.3,25,25,26.1,26.7,25,23.9,19.4,19.4,16.7,13.9,13.3,12.8,11.1,10,9.4
Nov 16,8.9,7.8,6.7,6.1,6.7,6.1,6.1,7.2,7.8,8.9,9.4,9.4,9.4,9.4,8.9,8.3,6.7,5,3.9,1.7,1.7,0.6,-0.6,-1.7
Nov 17,-1.7,-2.2,-2.2,-2.8,-2.8,-2.8,-2.2,0.6,3.9,6.7,8.3,9.4,11.1,11.1,11.7,11.7,8.3,5.6,4.4,3.9,4.4,5,5.6,5.6
Nov 18,5.6,6.1,6.7,7.2,7.2,6.7,6.7,7.8,11.1,12.8,13.9,15.6,15.6,15.6,15.6,14.4,11.7,10.6,9.4,9.4,9.4,9.4,10,9.4
Nov 19,9.4,7.2,6.1,6.1,5.6,7.2,7.8,10.6,13.9,15,16.1,18.9,20,20.6,20,19.4,13.9,10.6,8.9,8.3,7.8,8.9,7.8,6.7
Nov 20,6.1,6.1,5.6,5.6,5,5.6,5,9.4,14.4,17.8,20.6,21.7,22.8,23.9,23.9,23.3,20,15.6,14.4,12.8,12.8,14.4,13.3,11.7
Nov 21,11.7,12.2,12.2,12.8,14.4,15.6,16.7,16.7,17.8,17.8,19.4,21.1,20.6,20.6,20.6,19.4,18.3,17.8,16.7,17.2,17.8,17.2,17.8,17.8
Nov 22,18.3,18.9,19.4,19.4,19.4,19.4,19.4,19.4,20,20.6,21.1,22.8,21.7,13.9,12.2,11.1,10.6,10,9.4,8.9,8.3,8.3,7.8,7.2
Nov 23,7.2,7.2,6.7,5.6,3.9,3.3,2.8,3.9,6.1,6.7,6.7,7.8,8.9,9.4,9.4,8.9,7.2,5.6,3.3,3.3,1.7,1.1,0,-0.6
Nov 24,-1.1,-1.1,-1.1,-0.6,-0.6,-1.1,0.6,3.3,6.7,8.9,10.6,12.2,13.3,15,15.6,14.4,11.7,8.3,7.8,7.8,8.3,8.3,8.9,8.3
Nov 25,8.3,7.8,8.3,9.4,8.9,8.9,8.9,10,13.3,16.1,18.3,21.7,22.8,21.7,21.1,21.1,20,17.8,17.8,17.2,17.2,16.7,16.7,16.7
Nov 26,16.1,16.1,15,16.1,16.7,16.7,17.2,17.8,18.3,19.4,20.6,21.7,22.2,24.4,24.4,23.9,22.8,21.1,18.3,18.9,18.9,19.4,20.6,21.1
Nov 27,20.6,20.6,20.6,20.6,20.6,20.6,20,21.1,22.2,23.3,23.9,25.6,26.7,26.7,28.3,27.2,24.4,21.1,22.2,22.2,21.7,21.1,20,20
Nov 28,19.4,20,18.9,17.8,16.7,15.6,15,13.9,12.8,13.3,13.3,13.3,15.6,15.6,15,12.8,10.6,9.4,8.9,8.3,8.3,7.8,7.8,7.2
Nov 29,7.2,6.7,6.1,6.1,5.6,5,4.4,3.9,5.6,7.2,8.3,8.9,9.4,10,10,9.4,6.7,5,3.9,3.3,2.8,2.8,1.7,2.2
Nov 30,2.8,1.1,0.6,0.6,0,-1.1,-2.2,1.7,5,7.8,8.9,10.6,12.2,12.2,13.3,12.2,10,9.4,8.9,8.9,8.3,6.4,4.5,2.6
Dec 1,0.7,-1.1,-3,-5,-5.6,-5,-6.1,-1.7,2.2,5.6,8.3,8.3,10.6,11.1,11.7,11.1,8.3,2.2,0.6,-1.1,-1.7,-2.8,-2.8,-3.3
Dec 2,-3.9,-3.9,-2.2,-3.9,0,-0.6,-1.1,0.6,2.2,3.9,5,6.7,7.2,7.8,7.8,7.2,4.4,0.6,1.1,0.6,0,-1.7,0,-1.7
Dec 3,-2.2,-3.9,-4.4,-4.4,-4.4,-4.4,-3.9,-1.7,1.1,3.9,5.6,7.8,8.9,9.4,10,9.4,5.6,1.7,0.6,-1.1,-2.8,-2.8,-2.8,-3.3
Dec 4,-4.4,-4.4,-4.4,-5,-5.6,-6.1,-5.6,-2.8,4.4,7.2,10.6,12.2,13.3,13.9,14.4,13.3,9.4,5.6,2.2,1.1,0,-1.1,-1.7,-2.2
Dec 5,-2.2,-1.7,-1.7,-1.1,1.1,0.6,-2.8,1.1,6.7,11.1,14.4,17.2,18.3,18.3,17.2,16.7,15,13.9,13.9,11.7,12.2,13.3,12.2,13.9
Dec 6,14.4,13.9,13.3,12.8,11.7,11.7,11.1,11.7,12.8,13.9,11.7,8.9,8.9,11.7,12.2,12.2,10,4.4,2.8,1.7,0,-1.1,-1.7,-2.2
Dec 7,-2.8,-2.8,-3.9,-3.9,-3.9,-4.4,-4.4,-1.7,6.1,11.1,13.9,16.1,17.2,17.8,18.3,17.8,11.1,6.1,5,3.3,2.2,1.7,0.6,0
Dec 8,0,-0.6,-1.1,-0.6,2.8,1.1,0,3.9,7.8,9.4,10.6,11.7,12.8,13.3,13.3,13.3,9.4,6.1,6.7,3.9,3.3,2.2,0.6,2.8
Dec 9,1.7,0.6,-1.7,-1.7,-2.2,-2.8,-3.3,-1.1,4.4,7.8,11.1,13.3,16.1,17.2,17.2,17.2,11.7,7.2,5.6,3.3,2.2,1.1,0.6,0
Dec 10,-0.6,-0.6,-1.1,-1.7,-1.7,-1.7,-2.2,0,10,13.9,16.7,18.9,20.6,21.7,22.8,21.7,17.8,12.8,15,15,11.7,11.7,14.4,13.9
Dec 11,13.3,12.2,12.2,11.1,12.2,13.3,13.9,14.4,14.4,15.6,18.9,21.1,21.7,21.7,21.7,21.7,21.1,19.4,18.9,18.9,18.9,19.4,19.4,19.4
Dec 12,18.9,18.9,18.9,18.9,18.9,18.3,18.3,17.8,17.8,19.4,20,20,20.6,20.6,20,18.9,18.3,18.9,18.9,19.4,19.4,20,20,20
Dec 13,20,20,20,13.3,9.4,8.9,7.2,6.1,5.6,5,5.6,5.6,6.7,5.6,6.1,6.7,7.2,7.8,7.8,7.8,7.8,7.8,7.2,6.1
Dec 14,6.1,5.6,5,3.9,3.3,2.8,2.8,2.8,3.3,5,7.2,8.9,10.6,11.1,11.1,10,8.9,7.2,6.1,4.4,3.3,1.1,1.1,0.6
Dec 15,0,0.6,1.1,-0.6,0,-1.1,-1.7,0.6,3.9,5,7.2,11.1,12.2,12.2,13.3,12.8,11.1,9.4,9.4,10,10,9.4,10,9.4
Dec 16,9.4,10,10,10,10,10.6,10.6,9.4,9.4,10,10.6,13.3,14.4,15.6,15.6,13.9,11.7,11.1,8.9,6.7,5.6,4.4,1.1,0
Dec 17,-0.6,-1.1,-2.2,-3.3,-3.9,-5,-5.6,-6.1,-5.6,-4.4,-3.3,-1.1,0.6,0.6,1.1,0.6,-1.1,-2.2,-3.3,-3.9,-5,-5.6,-6.1,-5.6
Dec 18,-6.1,-6.7,-6.7,-7.2,-7.2,-7.8,-8.3,-6.1,-2.2,0,2.2,5,7.2,7.8,8.9,8.9,6.1,0.6,0,-1.7,-2.2,-2.8,-2.8,-2.8
Dec 19,-3.3,-3.9,-3.3,-3.9,-3.9,-4.4,-4.4,-2.2,2.2,5,8.3,11.1,12.8,13.9,13.9,12.8,8.3,5.6,2.8,3.9,3.9,2.8,2.2,2.2
Dec 20,5.6,5.6,4.4,4.4,6.1,6.7,7.2,8.3,9.4,11.1,12.2,14.4,15.6,15.6,16.1,16.1,15.6,15,14.4,13.9,13.9,13.3,13.3,12.8
Dec 21,12.8,12.2,10,7.2,8.3,8.9,8.9,11.1,12.8,14.4,16.7,16.7,18.3,17.8,17.8,17.8,16.7,15.6,14.4,14.4,14.4,14.4,14.4,14.4
Dec 22,13.9,13.3,13.3,12.8,11.7,11.1,10.6,10.6,11.1,12.2,12.8,13.9,15,15.6,16.7,16.7,16.1,15,15,14.4,14.4,14.4,14.4,15
Dec 23,15,15.6,16.1,16.7,17.2,17.8,17.8,18.3,18.3,18.3,18.3,18.3,18.9,19.4,20,20,19.4,19.4,20,20,20.6,20.6,15.6,14.4
Dec 24,13.3,13.3,13.3,12.8,12.8,12.8,12.2,11.7,12.8,12.2,12.2,12.8,12.8,12.2,11.1,10.6,10.6,10,8.3,6.7,6.7,7.2,7.8,6.7
Dec 25,6.1,5,3.3,2.2,1.7,2.2,2.2,5,7.2,8.3,10,11.1,12.2,13.3,13.9,13.3,11.7,10,5.6,3.3,2.2,1.7,1.1,0.6
Dec 26,-0.6,-0.6,-1.1,-1.7,-1.7,-1.7,-1.7,-0.6,5,9.4,12.2,14.4,16.1,16.7,17.8,16.7,13.9,8.9,6.1,5,3.9,2.8,2.8,1.7
Dec 27,1.7,0.6,0,0,-0.6,-0.6,-1.1,0,6.7,12.2,14.4,16.7,17.2,17.2,17.2,16.1,13.3,11.7,10.6,8.9,7.8,6.7,6.1,5
Dec 28,5,5.6,6.1,5.6,5.6,4.4,5,5,6.7,7.8,9.4,8.9,10,11.1,11.1,10,8.9,8.3,8.3,8.3,7.2,6.7,6.7,6.7
Dec 29,3.3,2.8,4.4,5,5,5,5.6,6.1,6.7,7.8,7.8,8.9,8.9,8.9,8.9,7.8,7.8,7.2,7.2,7.2,7.2,7.2,6.7,6.7
Dec 30,6.7,6.1,5.6,5.6,5.6,5,5,5,5,5.6,5.6,6.1,6.1,6.1,6.1,6.1,6.1,5.6,6.1,6.1,6.1,5.6,5,5
Dec 31,5,5.6,5.6,5.6,5.6,5.6,5.6,5.6,5.6,6.1,6.7,6.1,6.1,6.1,6.1,5.6,5.6,5,5,5,5,5,5,5
